date,DE_temp,BE_temp,NL_temp,US_temp,DE_sun,BE_sun,NL_sun,US_sun
2024-01-01,14.319435615310022,10.459605231989643,10.61406553411084,17.123872864933325,5.459621275901128,5.160083696265924,4.306154610246764,6.93125322625285
2024-01-02,8.718964825284681,17.055243852650538,10.366796065658244,21.839658020761917,4.881913648022664,5.6275439538430945,3.7487217792190353,12
2024-01-03,11.708821240691062,7.409821327599532,11.671628842731089,17.400419988690132,6.502257995034751,6.088287439971034,5.063399495840922,7.951343332448304
2024-01-04,12.72421693651096,10.512353792702177,8.784797950733777,15.33969980449327,4.968206204226658,5.4379382767767845,4.071175321401914,10.271483027852359
2024-01-05,12.244382554272356,12.992857370432406,9.816572775628757,29.301816467460704,6.080249056133661,6.613162713835629,6.222036309836385,11.634762622817329
2024-01-06,10.918846821094766,17.019445469368,13.358198853197036,13.295103319271949,6.007718814746349,6.182958488154052,6.125364214597924,8.63019739827311
2024-01-07,15.977062531109048,12.58785418103373,11.02346822454747,11.78720453192348,8.698557001700284,5.959098675568631,5.269161737469258,8.03301826862317
2024-01-08,11.363368150119886,16.2275186184476,9.547196857424627,14.38361201732658,6.146486800416792,7.457359947632564,5.395523831204259,7.992384753634105
2024-01-09,17.906976989602498,7.763730420045972,14.610890149490906,16.76255947608028,7.225931560953058,5.612013461663885,5.303054519124997,6.424486872761127
2024-01-10,11.867375433020468,17.223294162131694,11.924713520701413,20.57154800929003,5.844416448970976,7.540129715418647,5.97541604674734,7.815731152152458
2024-01-11,16.173329480789388,10.998813293280136,9.320889807211051,19.902625945642072,7.840047173687765,3.678239120392523,5.537737850011442,9.325511602099517
2024-01-12,19.32119017652675,12.426856242193256,17.38521518233972,17.54781426464433,7.720493239112061,5.933058263433433,6.657899920704935,3.0336328055733723
2024-01-13,8.496476052712968,10.11288036334751,8.936833673205854,14.046010003831878,5.270886372549883,5.1573548087797745,5.278718345204824,3.6762284794286466
2024-01-14,12.027706891619287,14.027008375353805,7.28229164560788,24.21672816170007,6.260920773131483,5.386888790603521,3.8897594476991535,8.283482208805289
2024-01-15,12.664275532213269,19.164903401472714,6.049488900573405,23.411707533985073,7.736688731677968,6.379398304488815,5.72186544529094,5.254907314693508
2024-01-16,15.17134908461949,21.25802979862993,14.944917641515259,15.457474399389778,8.754673837631932,8.98373640434118,4.8255276055395715,7.8552302631893856
2024-01-17,12.609030430319091,10.942820055331465,11.574808884878397,22.761131931082847,6.016987099770492,5.925562740990636,7.962265914697851,9.815886885339967
2024-01-18,5.68968843316114,15.811956802428478,12.52745540030233,21.824247328067393,5.258184615855213,6.206193242060484,7.5211446607080985,10.484996928636416
2024-01-19,6.533835154581816,18.699531494848884,14.402847196503146,25.045152955910652,5.087012966037926,7.797329244082623,6.738219778818109,11.49323158297029
2024-01-20,18.010614832319934,14.125781443681616,12.313299710162955,20.810988666098897,9.627920122171478,5.5089505425987495,4.508274109418872,9.676422140466759
2024-01-21,13.324197683881035,14.235912950821454,9.066256819106025,14.59980606664211,7.397882915067923,6.212653741311856,5.729877255876913,8.573757541532675
2024-01-22,9.092769212748077,14.152636108158068,8.21761858367144,24.558365155458382,4.156620832053363,7.506029428238426,3.495107637853024,9.66254252314101
2024-01-23,14.112208807644421,17.035795641014005,13.220197713986735,17.14136843880688,6.535004762198809,6.23326671497633,5.7458031644803205,7.984138453755623
2024-01-24,18.46187996798947,19.608656113712982,14.940544463259663,23.658366266731996,5.570542734659133,6.2189298209147825,7.101408445992736,7.412934859423303
2024-01-25,20.6919036151427,17.651988912455376,7.755796946403798,29.625297900246295,8.228761927899955,6.125900673242828,5.9197467561671635,12
2024-01-26,13.901899715786575,16.72109556094565,15.632104960895996,14.397493786902311,7.629843849061748,5.4597887042426185,6.462121753695335,5.862104119707714
2024-01-27,14.606943952578138,15.024912981812733,16.19744183156536,29.532994131950623,6.176328487427545,6.465136017483157,6.287888328250989,12
2024-01-28,10.27311399524987,17.594099036605208,18.983265069551504,28.719059108133152,4.897388870342155,6.99188087774823,7.267099761752175,11.771446859599662
2024-01-29,17.125098145883275,14.617461487523403,15.760214296995535,19.537523718279036,8.84426913088098,6.996534574670779,4.859325278277448,12
2024-01-30,14.005321974039369,15.59376154084802,16.046392574160453,21.150269375003266,5.982510335983234,8.114213378525651,6.1239268836782434,10.06393081662046
2024-01-31,17.47040169594891,19.884920711708347,17.409191262550568,19.200825726319078,8.567254244826804,8.471881596034587,8.546275385694148,7.427974623273711
2024-02-01,18.395499300073062,18.08361094555749,15.70014937351426,19.999395849212647,8.06371992540808,5.49926105264512,4.7027155277717725,7.784595995198771
2024-02-02,19.561372624369362,17.641105768999633,15.67891384478487,25.96823448080528,8.970342592952193,8.671389513585273,8.06628655118271,6.702341695285945
2024-02-03,14.8024446317898,16.309965478777258,16.424741838052228,18.79173467125372,8.113552949458642,6.577605516445994,7.093117176361586,10.273215989166316
2024-02-04,18.315286445387322,20.02681802365694,18.46623941134746,22.548876904802853,8.973067144717703,6.704910743616721,6.554484109312723,8.932027262166809
2024-02-05,11.818577244225583,21.393540764118228,15.094931197408734,22.992487215074707,7.73363846491666,9,8.574696556257129,8.799823496840094
2024-02-06,14.783343218390673,14.934178264942071,15.043406700834693,23.438037047973673,7.402482708741661,6.62538189425303,6.2880486516082374,9.144958262593173
2024-02-07,14.74899965885196,17.859706435261696,14.097759340999254,25.034386630338677,7.271782081779223,8.441490805838,8.060287847308086,7.996890138791825
2024-02-08,10.221938031450515,17.9897149724253,13.969242383033922,32.31357227254459,5.213985935839792,6.690026551586194,6.1689391150220585,9.66079386402385
2024-02-09,17.733555431358894,16.25468812470926,17.970155223807865,22.274825813885375,6.503158789680441,5.697525988031777,7.383323927161132,10.346159543066124
2024-02-10,18.40155053302054,15.13870920339678,21.77704184844032,20.755042291520628,7.2495072896267025,4.2665096255261705,6.908055175676121,11.154978858012392
2024-02-11,16.85644352326134,18.270682460645258,14.37140209407177,28.88594102189564,7.397440434186213,7.9097967852025235,5.284728396851658,10.038707034828917
2024-02-12,20.367813133093897,20.385415455601304,16.85355852838401,27.019015781299316,7.267829828109343,6.266520499349484,4.638086288659839,10.093988394306004
2024-02-13,16.064518725454278,22.988107276389997,14.467576955092582,26.484731423317267,8.202382494264244,8.483398427936104,5.6074812608150575,9.97657335381724
2024-02-14,14.288656791361884,12.966583232730475,20.418300923149605,28.446816223376757,6.210327050404381,5.970606788307629,7.976660912646254,10.224643848054912
2024-02-15,19.838333545047448,16.720904425162296,16.876077250975136,18.615198323832175,8.486720026499414,6.982986260629582,5.540188178526357,7.683999221145657
2024-02-16,16.249548930990933,18.02579376721928,18.497096320876302,31.17113953589426,8.278924686086306,8.006531138878886,5.760754457950014,11.456740264143882
2024-02-17,23.157308060731587,14.100116160601715,19.133671815791374,28.300844738947735,7.646389036328631,5.564620129306405,6.590421837789124,11.233740437461183
2024-02-18,17.669326444518628,16.96509263928524,15.053855900838787,30.96114620054726,8.72325808137585,6.091934858347256,6.489173488571359,10.686395261974557
2024-02-19,21.06661335194937,17.00930861571966,18.027131028932082,23.381998560170857,6.290323142447106,6.32948125525147,6.34506359972777,10.086114249668087
2024-02-20,20.198753718219095,17.29585399614451,17.778535244439727,17.331522151528382,8.450111042800433,7.671954947798318,8.009422341275675,6.810607668369723
2024-02-21,17.012033390208178,13.016750564337325,20.609321049061144,24.28149010032196,9.076952582376848,5.384744641452594,7.57488898441725,9.520996348775215
2024-02-22,24.218530440457258,20.34065787518421,15.00066814380562,22.329950776234675,9.602147683478174,6.971228269598255,6.2848803382119645,10.044888553294438
2024-02-23,21.545030975248068,17.91920316115695,15.215087336653106,38.13422855964204,9.411986709837329,7.51748197076498,5.255058553532158,11.287488329284985
2024-02-24,20.00775064788715,24.48840323057746,21.224529378929294,25.105753003229516,7.627686529452648,8.654467949011403,6.4520641476277545,9.028211606512533
2024-02-25,20.68737088150336,22.424109934571803,17.271948502477624,26.24377906601299,8.6191714440041,8.309716775629285,7.1710618928921095,8.540720151482445
2024-02-26,22.011913964555507,15.782288194625487,17.161989400097156,32.78245199584287,9.699466418123563,6.394637049849904,6.3590139044916505,11.734531496078866
2024-02-27,20.356919527350982,20.541988724996777,19.585843028571293,30.71100871741839,6.923713586878161,7.944736248020767,8.212993750945664,10.743739119859328
2024-02-28,11.218534848871531,18.56667505410335,18.38679160774469,31.112589632307913,7.375943669501611,7.1209465107963785,5.267617186643618,12
2024-02-29,21.159816359901612,23.111247046937375,25.045548031850196,41.050007188878695,7.008613953350273,7.00086647359827,8.37782708871639,11.731009964675753
2024-03-01,19.307772328532238,20.701231148521565,20.32061426932896,28.842417314308804,7.538404836643426,9,6.708114223190897,10.137817719607082
2024-03-02,21.06639215632774,18.963737879052704,20.119488969340882,37.66425326483494,10,5.041727967104786,8.661669485111545,9.401631846948359
2024-03-03,22.354281301416883,22.03993371789516,22.517967337383062,29.52960465571587,9.174134242651231,8.290921968456917,8.03658019898909,11.807816223465718
2024-03-04,24.902986639392616,21.26961928698229,19.63195456327617,21.08461036062174,9.096572849255045,7.651675196351606,6.089604266564946,7.975026891621894
2024-03-05,18.613694257403523,20.402086820925984,20.042158666407026,17.358221838381887,8.873267185330308,7.18031255807412,5.876985527706967,8.219241180265435
2024-03-06,24.791793649764063,27.036823805256923,16.758525738627107,31.853624947878167,8.920749006976422,7.712218519587925,6.851824815943751,12
2024-03-07,21.97708021748023,19.46725021108689,13.176493578596654,23.715670498937218,9.207734927482642,6.732706625234268,5.701234536695744,12
2024-03-08,24.167173748692477,19.71832324593085,16.509063614689953,29.02443123413109,8.691556877641935,8.843030877905733,6.495631547980698,9.450860523181886
2024-03-09,23.892685907822298,16.565147747318594,20.54528680876274,37.79834375388815,6.624500008096,6.3861771428969645,7.10554912750084,10.731335485095315
2024-03-10,23.36868123447569,21.150629347166642,17.172318279736043,30.74347181902991,9.34439048846348,6.904607820061418,7.3481603153512864,10.655349198096841
2024-03-11,18.14891587959918,24.00948555377288,22.40483989438704,27.66235363837949,7.2874749947019994,6.9131886494833985,6.515177170256999,12
2024-03-12,21.07659748929359,15.187396708910928,22.57680931472316,19.561062550861582,7.827207997262771,5.745452218273026,9,8.562323615357107
2024-03-13,23.283232681540476,20.711426319027634,21.113762312063955,25.26260219772774,8.85823406419614,7.127610245388472,7.66279964134421,9.68728919610629
2024-03-14,18.614247845785837,17.97363181255101,19.913612897655828,26.46543254524547,9.237166238985319,5.373001474160809,6.626637013800275,11.081859454424368
2024-03-15,19.905070962746038,25.898239417646028,16.475358040829256,32.8379754214363,8.455436399123172,9,6.428913952707754,12
2024-03-16,23.331868744903307,25.69682593083999,19.696326488171923,31.903385802908513,9.70622211064584,8.185935156710958,7.667898084756639,12
2024-03-17,23.94530327572186,22.674211682388528,19.311994480754898,29.6207758713095,9.619605611141772,9,7.694067514158635,6.142016111809362
2024-03-18,23.08050822768955,26.003119248097306,22.704792440456,30.51272550071191,8.914360397713706,9,5.866568265560749,7.835142078615181
2024-03-19,19.076851205838842,19.15437820392617,24.682220366808316,28.22710888104235,8.660835373807096,8.352631547741176,5.914223351656696,7.448204146390001
2024-03-20,18.47633494731575,24.646326347903358,22.297492102671196,29.87073316852528,7.72794763867821,6.5675805308258095,7.481705373608801,10.844291232715214
2024-03-21,26.35180683043989,20.07417745837331,17.444346378680915,31.12547779392881,8.235943447511662,7.679487109759088,7.576576067509704,7.591085497920586
2024-03-22,22.62195762132393,22.82371643391074,25.87383578252835,32.056033772976924,9.066131193270895,7.221325555756031,8.350845214668404,10.00641088761113
2024-03-23,22.144510628526998,20.991069395966157,23.920316543317256,38.98712571846224,6.342531636310998,7.2141987226216,8.87529304752402,12
2024-03-24,21.543976900397922,21.078815053718053,21.585007951220632,24.32321458684992,7.5106820370873,6.676995377540833,7.85267960457941,12
2024-03-25,18.34762819724584,23.574742450822068,14.316943196204605,37.28730576132783,7.780263917555667,7.9302473153583675,6.615323164637534,10.875207429526899
2024-03-26,23.78701864788731,18.043645496684352,18.091352101959494,33.29634724292964,8.797242629810317,6.8366602327584705,8.530858727161316,10.633559672103228
2024-03-27,21.316480140058303,21.21783130906233,20.764855502558998,22.23323187805017,8.029762295380928,5.1810711385043415,6.246807885972786,9.25696646357214
2024-03-28,21.432954934871006,22.495811753864935,23.266707337407016,28.591295177377937,9.462659013096342,8.377959201285277,6.946501965248255,8.681082666190894
2024-03-29,24.791039120589684,20.781347687393993,17.452037523761646,26.842035208735354,8.094788761230175,7.37856625244678,7.1296044404849646,3.1738425573681583
2024-03-30,24.462541355283435,22.311431844285984,30.631050392080667,25.331525271599602,6.483228509472376,6.521248910264727,9,12
2024-03-31,26.176238004637096,21.043255776896064,13.33842358424561,22.31042867490156,10,6.168795317213795,3.8488426324085174,8.111685289939153
2024-04-01,20.570478134692834,26.854115052852396,20.29128139719992,27.528239631821343,8.34187032696787,7.6012617708068575,7.765544391476019,8.256320314646743
2024-04-02,23.9456010504272,24.13757489202678,20.216321157776626,27.816394133959378,8.882113368739478,6.23042812179301,5.925009219092808,10.31522009770814
2024-04-03,26.159887956190403,30.885272980935092,18.99757612157779,28.365472352374372,9.054577873815838,9,5.780456446937781,8.59825117682436
2024-04-04,18.642639292041007,19.59185595584168,20.020116637040864,19.663189318399958,6.213452346248379,8.51747734814986,8.908379356112512,10.186986199617163
2024-04-05,19.377529060416514,24.406345663335614,23.19043339201282,32.15739630179028,7.098821571529267,8.054182249994808,8.885021919125553,9.57274109594399
2024-04-06,18.54604769064706,28.240250852498793,18.323280394750352,33.6583358993423,8.388009247799971,9,6.142263265222802,12
2024-04-07,17.541440192701785,22.828765507399268,14.677384043031722,33.84706710813464,7.6928901255641,6.100827875230246,7.93218361535858,10.30249045711216
2024-04-08,22.133316427644942,18.653029278410308,21.183558412358654,33.72041349509954,7.199133686054307,5.310929844118318,6.850984508528014,8.791197894085743
2024-04-09,23.823744101735656,18.85648598714589,20.86999405654736,30.832695442636943,9.56372384743047,5.989456071990848,8.355584757667637,11.729085707956523
2024-04-10,25.434273926361445,21.739185954849297,20.80612769248741,37.130972407846215,10,8.113605854342575,8.692707582005843,12
2024-04-11,24.929371885262963,25.73956515434005,22.816096295454116,25.361620859995973,9.058207116198634,7.211117776897223,8.991504984850327,7.335086116672811
2024-04-12,18.745738359226337,24.026952068040547,20.736247499243902,23.5611819060768,7.90525981314409,8.353219132690096,8.558667942546528,8.131043738479333
2024-04-13,27.25757231260666,15.321011074118791,23.06425714838496,31.329347859358403,10,6.045776534625723,7.415702714248945,8.000718098634344
2024-04-14,19.665098133275283,19.592237836319775,14.66109416501391,31.785893385706665,8.505481429272896,7.3988239927098425,5.715983656240996,12
2024-04-15,21.93179483365698,21.62014618738575,17.262774128349303,25.78648448667712,9.796491602121991,6.332494013313598,7.962579531988315,9.647197098479163
2024-04-16,20.29487893716322,17.223775572471332,21.644574748962796,29.635088830621854,8.195032031036513,5.649940833872632,7.387978089742794,5.395878374824482
2024-04-17,21.13756328798264,23.629484926344865,19.487200540569486,30.99731537582469,9.892831020548922,7.620603093632204,6.40748635108512,5.889224726446713
2024-04-18,22.00875106306984,14.106484537375438,23.324814756687772,31.20359511146464,8.516752881697728,5.842344675133069,6.722700878656304,12
2024-04-19,21.737821834137076,21.861846672255254,17.417817822554497,33.60820617915939,9.454489139872008,5.625363827899507,8.036804659267538,11.32709763447381
2024-04-20,21.237856068082838,20.19670621991346,22.542080774785166,33.8083570887045,8.08918204269185,7.658522849198797,8.371596071373347,6.783110204964398
2024-04-21,21.566794339371278,19.83220255240752,18.299196586278654,16.909182581019387,7.424579232776588,5.107679270993992,8.36591117384141,5.467935608344707
2024-04-22,19.71238146491575,20.38702088406162,16.898842660270375,37.60082908267552,9.121967678028502,6.739652587186047,6.026711109743696,12
2024-04-23,19.57883727425341,22.111582358247556,19.13878237602319,31.14437406428246,10,7.513115814486742,7.289890664527189,10.39740865852132
2024-04-24,16.027706272968288,22.282399620470297,20.24275785615955,25.911952662162648,7.037011683750525,6.7860082931995915,6.132906006130601,5.681758819761308
2024-04-25,19.78025438050914,20.3398397979285,16.333605046459773,23.085947440523398,9.603171981041825,5.742755737386357,6.635614278911729,10.436380988011436
2024-04-26,19.30231885426281,15.16206253454985,17.644896093089187,33.075658362689744,7.799155836025716,5.8377542192298755,5.927946042308645,9.786433451794267
2024-04-27,28.8557444898533,16.53654430311806,16.115686013230352,30.078069438444302,10,6.36772743201526,6.900944843946174,12
2024-04-28,16.570339177984764,16.359657227007222,22.818952482203745,33.71130963968151,6.485249170077074,5.522982116019404,7.623355767074313,11.647084267564042
2024-04-29,20.97191510335825,22.965724584384688,21.850972115885483,27.89860529109053,8.654936506068932,6.250862312756981,8.940679558284018,12
2024-04-30,15.97960062256299,19.8579245601887,16.4911880944872,26.8580009708242,6.589339438141614,5.86729161181446,6.893625231515709,5.647730513258793
2024-05-01,15.946398312288546,21.30359323080305,21.1666014209173,39.15424472419005,5.994063018171189,6.787490800892573,6.973794981744447,12
2024-05-02,20.625973195588944,15.720761304380648,18.63079959794953,17.634867691968246,8.9631980012776,5.882144974750334,5.202896893932168,10.10281601153164
2024-05-03,17.153071283584648,18.690975610794755,15.957564359443687,29.63330818571014,9.203882264872536,8.276284991684804,6.0321153489104065,11.098113681969526
2024-05-04,20.02563791010952,21.882536193125492,20.45877259244942,29.46294890577782,7.3962533426049255,6.132049150899271,6.670364760578486,7.789501762911394
2024-05-05,18.63147374040947,19.554917815703252,18.121045250423883,29.588790978565633,7.014280391747259,7.389790295576001,8.003680405491822,9.946634530169417
2024-05-06,17.957441798002506,19.636510607297126,21.622458269479644,30.03877528192159,6.687078498690712,6.605513039109257,7.913273461762045,6.284976510222451
2024-05-07,13.603725819594013,19.655094993211296,18.28668858920269,25.71516727992694,6.406441635309332,7.119109346736914,6.296346581954085,8.237004609414083
2024-05-08,15.879950514311432,23.390740922387685,22.322176447920107,32.7741833516504,7.998162083132895,7.0192192264821776,7.803758167420255,9.089910233777701
2024-05-09,19.966347584298386,17.79745770346675,17.112854870562,14.51336165149379,8.88479997575056,7.502587573456964,6.81710335727562,8.157303122393891
2024-05-10,21.001470279675097,21.552103829981547,19.182368487657328,22.595429323232775,8.8283202289604,5.65657274125213,7.367001951692974,12
2024-05-11,17.68803129282609,22.098573557308626,19.513658004789647,25.862606438758018,8.463796646833472,7.6096068637522976,6.796945618318864,10.078943687756096
2024-05-12,19.032190582580157,15.711381392289034,19.116660284043917,27.106083583674096,7.5116557733906,6.359198801506466,8.211399641758533,8.782336847983867
2024-05-13,22.263333060323053,19.517218668791582,18.75926943127453,28.150727701543524,8.472062111600732,8.057878948113194,8.274689584439528,11.643895523468073
2024-05-14,23.074257877966417,18.99146803656013,17.98614346765733,29.140063289518856,9.493526988694429,6.685145520197405,5.662183674304064,11.499047395174873
2024-05-15,15.320781658894077,21.981868208376866,17.621851032203114,18.222565518277676,6.935987201463189,7.93178471362215,7.766317390460996,8.598056795352077
2024-05-16,18.115044640535604,21.5057443143378,21.856513807135485,25.622107173592806,6.830369571907074,7.7511414570510615,6.749030749072517,8.050132259885556
2024-05-17,21.923869925402837,18.618724695718065,20.350485202406254,28.02005851330659,7.197337174800582,6.197188638815379,7.459759259303466,10.940440589523403
2024-05-18,16.760092172025292,18.89653616148836,15.65884299004146,31.843280500009186,10,6.809165184484569,7.434680449000651,11.808650131082889
2024-05-19,17.859357915745413,16.188241871519494,21.538014170007227,24.45311929104018,6.039714566002711,6.2833123814253655,7.935579581660677,9.748608316321999
2024-05-20,17.603554391797754,17.61234693914629,17.641115049225274,32.82309275012056,7.716159739225042,7.78683002656948,6.765055995727822,12
2024-05-21,15.041619505119469,14.974975427457384,15.140781530816296,23.22318020390756,9.09449040544219,6.4429177591099105,6.441075485397856,12
2024-05-22,16.211101760495797,15.015523272996331,17.42579773922978,24.181951524384985,8.238102005070113,6.501425460604993,8.987299856606882,7.140166878536629
2024-05-23,17.295080562295215,14.105691332839317,16.29656813733407,25.030339636055537,7.438082578625834,8.394517787167404,7.979677210513925,10.066335966547573
2024-05-24,15.977882211525301,20.126487807308656,16.92068347911246,21.5124581363472,7.885976448960635,7.525395352525823,6.660424823523887,6.197771668423808
2024-05-25,20.39358109761429,20.810553170703418,13.545455312772367,27.396469028268044,10,7.591805747285665,5.7507046649163955,8.578290481035227
2024-05-26,15.442288689889947,16.072660388166298,13.852019121187972,16.87764750274881,7.432171027138606,6.9283022641810135,7.965717042649262,7.00175239180108
2024-05-27,15.41556405111993,13.768549692491451,20.244238793588224,23.365621109641904,6.667961806163833,7.539704514000033,7.309605491821011,8.697419469303501
2024-05-28,18.63347299214412,16.73385082861601,18.881757615540995,20.475893829412097,9.35046044287691,7.474315002511867,7.388941723329615,12
2024-05-29,13.199655338430475,23.563741609719138,13.186857106577925,20.22558201818059,8.650509713446212,8.051645555611659,7.319425847542345,6.782437843157378
2024-05-30,16.070653266736592,22.80062581342585,12.976409954865417,28.49816280045996,6.387163687654416,6.968135489939628,5.3607068786992,10.884718708915813
2024-05-31,11.360267294306539,11.354258937739177,20.683659346294025,27.779725611416186,7.1221428000091045,5.9243923438397665,6.8595181989063425,11.307400149530785
2024-06-01,19.336781133011325,15.27827980982843,21.076126264582392,30.284223250143636,8.172496612157307,6.398512515894534,6.980161774677056,10.644993444956336
2024-06-02,14.832976987964123,20.782596060899383,12.85133099684671,20.74840864956566,7.818925916449611,5.388119743366776,6.123850506594748,9.651864823237045
2024-06-03,14.067344348084745,15.900241338762337,11.108057840753727,22.000604340361463,7.486588330496209,4.825285202931209,3.237159537462264,7.445097327160144
2024-06-04,11.571468428247297,20.63794635483472,22.716192128311484,13.849865226827882,6.426290383786871,5.40460541485505,7.225206826026825,6.4368198923134825
2024-06-05,15.076717978302671,14.674247559735447,15.363890482705518,19.434107949420696,7.605642447586108,7.565357479025273,7.090375362821824,6.946546501795755
2024-06-06,12.511424971932477,17.317873318717968,15.06316522339749,29.961079993134966,5.429505475582994,7.233809057752249,6.643442452690527,5.720887638898412
2024-06-07,13.122606330026292,16.002216760971887,14.557902948071977,18.821215512028402,5.361257049769738,4.033783481100137,6.595672160629881,9.454797547539291
2024-06-08,18.395521319201347,24.841996103683783,18.36936817620761,14.833926034112523,8.570399995506904,8.404899687242903,5.311458969614787,6.690781436830765
2024-06-09,13.813987158030828,17.740208738345004,13.403684332018491,20.635178791872047,6.993842369217661,6.753530370287221,6.26371839517807,8.160081340934322
2024-06-10,10.932000599596774,11.182118231730303,18.17991193184634,26.416630341358722,6.183728528166079,5.2808253822780875,6.751101379284594,10.830809050551665
2024-06-11,14.442522434096512,12.81184979698003,12.96152695106621,12.051270712326222,5.360965352393491,5.078996116710456,5.991748249538435,7.1461318369648525
2024-06-12,12.669069244346073,15.554883304160283,14.959615109113516,18.427503255091896,6.102943602774276,5.036592813069456,7.2066764930727425,7.912667879960711
2024-06-13,15.330594475243906,8.56083907196958,10.163349993789764,21.789844999355427,7.41178693980001,5.9390127475138765,6.939881429405079,7.651629174516776
2024-06-14,17.66003388558356,8.669307592301648,13.593957841569033,29.09111010026747,7.212130877049495,4.518513876577494,5.8277791099255944,12
2024-06-15,10.185908379407605,10.53485260094242,16.502324902683856,15.876953416701985,6.24325247444535,5.291058757785523,5.980838340320083,7.978898481600681
2024-06-16,14.328217058512074,12.673455165612872,12.227026240993082,26.302440713269505,7.398416373102679,6.386022803955857,5.597774469975113,9.71995196631519
2024-06-17,13.018362218802809,17.250068818432673,16.380789961904647,16.290109085650137,6.60674515117772,7.138554510486615,7.331844239984748,9.73018506897801
2024-06-18,15.248947732071189,12.526137375280921,20.53031923357156,13.047725191288379,7.6303904564654665,5.379893031244665,7.150128291129381,7.9753502953288145
2024-06-19,11.670740260684116,13.65054393440392,14.989174439722115,12.278420855290106,6.224146734705107,5.430312839011294,5.901371485436013,5.324741909575895
2024-06-20,14.667056234088589,12.783611713721998,11.23159033114251,16.591008158995777,6.764822798642918,6.078006105634649,5.622469351102578,7.008947930948515
2024-06-21,6.718516571252126,10.675165851248261,12.080313721443144,17.330031699558024,5.195056715101627,4.2697080021916936,7.174318708088164,6.3938453670516004
2024-06-22,16.817967126978623,16.690382972371594,10.301998342213409,15.572478813678277,8.164234257021977,6.811325517796638,4.594910444778096,4.280862141925692
2024-06-23,14.139312064986711,9.126690387728445,17.95223355433309,22.192338460416423,7.795750568005248,5.349316770757007,6.5160553418810085,8.444721717008388
2024-06-24,10.887580118803097,11.542948522697971,2.351910220948273,17.622590935301425,8.641692963449874,5.851081366570951,3.097098702036908,9.18596782991498
2024-06-25,6.7874196073888875,10.996420006158385,11.282568965586531,15.888913202928618,4.480020218766959,5.2265245132420475,7.9223777949163985,6.665602013413488
2024-06-26,12.857663850927501,13.447637130088292,11.181664685419756,13.148024825838364,6.003754287552181,4.210524778546906,5.193276213837213,8.116111755930742
2024-06-27,12.172140919833819,16.484049737807286,11.30269102996168,9.423119504176704,7.21443518744203,4.462218142130622,6.5931365846449514,8.108619307862963
2024-06-28,10.497199916790201,13.014688141399619,5.799785725152871,5.8487003015351995,7.863627215394008,4.567359535785146,4.781791011037224,5.7609048139146015
2024-06-29,10.76418896131287,15.431122324217547,10.932637481271735,16.454335256012847,7.5074960466447695,6.649704793667396,5.44829233513227,6.849256299560525
2024-06-30,8.35095705161485,13.383968111425284,10.657668416854895,15.255784303886513,5.317044691546757,5.771867155077831,5.214915373047028,6.189523804850916
2024-07-01,11.003136235226469,9.031569400322098,13.681189409865233,21.696010985969373,5.651738137851654,4.425023528978606,5.29114009636172,8.13516089063055
2024-07-02,10.574141736432958,10.960628558788505,11.286550500228437,16.068192437817295,7.9381813888457975,4.716186004633611,7.025892332790975,10.860964711393063
2024-07-03,8.645955083917912,14.654992771044473,12.873118269390043,18.340755010562496,7.388241064127925,6.699025493466167,6.582187364752875,8.302937137250675
2024-07-04,5.268730706931025,5.653856590505157,6.465147222464872,14.301732711391415,5.36565252623299,2.954629083249162,4.889049011653597,6.506418273606452
2024-07-05,11.173608704518545,11.123060710216002,8.775531988865609,9.747582563368606,8.065702192417305,6.274882643819846,4.159009290764705,5.751965648629852
2024-07-06,10.528148869015709,9.489724801154095,9.535309239160712,15.030151968564144,6.224337353466788,5.688936412176914,4.897735838256522,7.701417828201367
2024-07-07,6.151172136135422,12.405102503864416,9.588402673471402,15.024050449680159,4.514631519926995,4.881968048635146,6.3463439025489885,7.81688833903598
2024-07-08,3.6712573845503034,11.834269773563529,6.502326657001849,8.981813684394128,4.772115898627081,5.553956330640146,3.8697775812530852,9.213305434464642
2024-07-09,8.865285378724408,10.299369045409872,12.833724596437781,12.669265470061482,5.970403890752619,6.275039072265973,5.3776342375006605,6.305209238728113
2024-07-10,7.011051910819134,13.68755620936425,6.3738217927480045,22.561803061482223,3.9497296494584377,7.3283424179736665,5.62543813314161,10.795684252881102
2024-07-11,8.600636081386618,4.446086156509716,3.1796376339407653,6.657170897693456,5.664579851943228,5.842169614483653,4.676142141818344,4.862970651708619
2024-07-12,3.757917926023425,11.568750887728728,9.044068544042673,19.410799613444976,4.421934123964641,5.976105388859096,4.699892141807666,8.743039920182241
2024-07-13,4.56023768158136,3.9126738465896276,9.644936272030698,10.66184168597855,5.496764058243273,4.044976469381408,7.055555305534099,6.1176741648437
2024-07-14,10.49365651827236,10.229786398819012,10.299018840448078,18.956967927750867,5.694005023866087,5.825203999126893,4.32428424468255,10.23782300641036
2024-07-15,8.247058548375918,8.551682902711885,4.4439736215848455,7.079401420349531,6.245611604220549,4.81666439320605,5.927162761993624,8.991689513239368
2024-07-16,8.595476697421807,11.00146455084144,6.354814232275233,10.714040971800403,6.37130821391274,4.502411410719857,5.653179836801826,9.888658106395354
2024-07-17,12.082917236071266,8.153899631553093,2.932153167191391,12.35270736380108,6.272619815119192,5.849006865781591,2.1547853647783044,8.466913446878332
2024-07-18,6.8259104545252685,3.030059478533339,9.270450214288362,9.98635656938058,5.427733226303369,4.798985218131634,5.65891764645031,5.682925980149983
2024-07-19,0.23992779557554655,1.532352997657635,7.598912747021849,13.597088580675827,6.498849460066491,5.102101835338036,5.8532729881079515,7.061959015012694
2024-07-20,7.048429805606348,8.999427268246455,9.117794454823489,9.2245652660846,7.065015781348282,6.8200277904606,4.520906422841542,7.166169546825552
2024-07-21,9.366627630027585,6.978134766296657,8.023088220763977,15.860182635739749,7.548307698449789,6.27007558990713,5.114286086193984,3.522278175368551
2024-07-22,11.838052958140704,5.308093781298316,4.198504998559098,10.4263912084746,6.559717541726903,5.2940164721748655,2.845893581994593,9.609593033125009
2024-07-23,1.3369196228308606,5.912007003195466,6.384186595371921,12.796478703164265,3.5030681711522593,4.574386841640635,3.936474446536888,5.035704364313263
2024-07-24,1.824349983241086,4.656261755474775,-0.05472130147326304,3.1684111673590962,5.014173508999674,4.298855208860915,3.8771671793041915,4.610269185177005
2024-07-25,2.9702643099321833,6.02506309678523,7.0059232260954545,5.567714164280467,4.744667951841109,4.2178482684013074,5.221796294192463,8.60216001314515
2024-07-26,1.7378285741337782,3.5310810473352987,8.231693720770405,14.072534644414446,8.009923007374738,3.411321939155908,5.087046513083302,8.211194615844764
2024-07-27,2.7765434183665834,0.20526493373415722,2.52708199482457,10.936147940545876,2.7069006510720817,3.2177638682178444,3.4084961164990517,7.800549809768098
2024-07-28,3.9729857748689814,5.3262269586588165,-1.4230472446870648,7.481866469370994,4.681921054957968,5.121725372998216,4.099682927175648,4.7664107207357524
2024-07-29,0.7424197556936774,8.953073023974682,0.2487626708324573,7.388693700107578,5.704348618254098,5.529998563690009,5.119922745657847,3.046508850675079
2024-07-30,10.275644015645168,11.282988920703419,1.3116455981461952,11.48041019564285,4.081899368482064,4.34915763163741,3.3737625065040073,5.36595436171493
2024-07-31,4.308422473307333,5.494158639967968,8.209291738704158,6.362316190213536,4.694061932736445,5.735253686143318,5.213374844269951,7.078584753721543
2024-08-01,3.5549270062930267,5.081303894698125,4.3337595040145915,7.633839989461832,5.132879512029824,5.755982735921359,3.9615181114518663,7.7261590093824495
2024-08-02,5.1180983468705845,8.050916313938345,0.448585712239538,-1.190724733178996,4.900521256644025,6.469835224578129,3.7457694504770322,4.871045088474862
2024-08-03,3.569360295866087,5.1630682256923945,5.669452532746917,15.69144024766535,3.8700068808805517,3.2556166662332084,4.882290309422463,6.879898788108684
2024-08-04,2.888664740210155,3.53982288675795,-2.7049299345916316,10.436000643730228,4.539605206935925,3.780744918975691,3.184009099533892,7.53045006582277
2024-08-05,7.545095055804399,-0.5233867129744931,2.947431681760688,10.554855196488909,6.9576145176846635,3.0702121271153526,3.900225209761034,5.5458875356922634
2024-08-06,2.2954863422140095,0.7432754254354901,6.872933007542129,-3.3440663967527,3.191572222091346,3.2512495928701366,4.456586214547549,5.439270021818524
2024-08-07,-1.0702953709757477,5.601060840733671,2.357115593498592,5.871455670654088,5.262822170118888,3.9914920358931876,4.187838058321039,3.787967548896046
2024-08-08,3.7735884717702746,-0.1470925029358776,7.148184426826595,3.7260614383089954,5.757811617949879,2.985917984408948,4.774270970274943,9.34706336352675
2024-08-09,1.4003076042627083,7.2289811499099175,8.469580653768201,-1.3133737518214978,3.1191900844973812,3.8717469154507995,4.657033371602024,3
2024-08-10,0.7299551610924286,-0.10189346395281174,-0.5661075280225436,9.006331173417825,2.7173106636371207,2.9910486982012054,4.0301101561313875,9.362096406943857
2024-08-11,-1.066269888570532,3.2125683963595817,-0.6635828042459861,11.343308548049196,3.8833526637343248,3.804366726080919,4.039768599607909,5.614809977380308
2024-08-12,3.2683313392376787,3.644289622310106,-0.09206891438581444,2.212920007409666,5.026194624609896,4.405930141103648,3.904235942645137,7.870319733671716
2024-08-13,1.308664382994825,3.473003294151261,4.0976765933537145,3.642447968201088,5.523246639894124,4.787818578876557,3.351049420584581,3
2024-08-14,3.227628463300362,3.8297484701964453,4.879143285388997,13.158091541306701,4.693978157289952,5.202748820817032,4.988543916181763,6.573964896122825
2024-08-15,0.8299008467961071,5.034113683024286,5.8659912110956425,-3.8327936680927372,4.658988839451062,3.655729147648156,5.181038002674366,4.75464560126282
2024-08-16,-0.5876332415768513,2.7269166376695857,6.00397158564687,7.95595022204967,5.236455677639309,4.093596439964779,4.495743204835372,4.327793598814104
2024-08-17,4.996019163198298,2.2292602075083083,5.202063817678316,2.4865300687981065,6.2657517361001895,6.299283388719033,5.195055481493675,4.342939087361069
2024-08-18,0.29004472448266116,3.3275400653793126,4.665960951208339,3.3051156302487947,4.953730556110874,3.694742478795678,5.813890592438131,6.54244172015238
2024-08-19,3.8118540572414883,1.4197390723561008,2.210788977368207,0.6551258731591774,5.175546144226348,4.561735612090255,4.456515684262843,6.196635528666979
2024-08-20,-2.7714106438133275,7.209462516604837,-1.0671904166171462,9.025147703237074,3.879231908973188,4.14052983802213,4.331967701091876,4.073949831484473
2024-08-21,-0.6969567855309937,-4.034464184885678,-0.7022074033064971,-2.2590986759244007,5.127354707770216,3.9280749305416265,4.9119935682073965,3
2024-08-22,-0.2358524464041135,5.438865452008434,2.5806426109753566,8.028299636010768,5.12173190577817,5.073201271908956,5.8509937700807635,6.773485434586124
2024-08-23,-0.7270905897839677,1.496539698821433,6.292597516146611,10.089577124420213,3.8570254605012604,2.9165944261704952,4.347613143175248,9.54606586157547
2024-08-24,4.3683616801238045,3.3956817479667887,6.246660061163447,-5.30544673931267,5.330622450956854,5.193777472035571,4.412634674699893,5.57562660852887
2024-08-25,0.13324927875377252,4.9810413150139485,-4.760418668383315,-2.882591734434892,5.787956146389577,5.572958292635776,2.604916199951771,3
2024-08-26,0.8164271686234379,4.416808330142065,-1.5918902316483985,5.562414421653473,5.7072144210071025,5.230853901287118,4.57800337088797,4.497781000381248
2024-08-27,-2.8582208766154067,-0.17674585074211713,5.062217275394568,-2.3204277888092264,2.5031879156537333,2,5.199171407233138,3
2024-08-28,-2.3306405177654845,6.394468848991808,-2.490068775941414,-1.136385292027918,5.037094018120543,4.839462435791321,4.280756477586822,6.362408832385263
2024-08-29,2.742340688666622,-3.2664716731227372,-4.238276284689439,-0.041596383004207205,4.545909354649352,4.517567140749206,3.3247529921753376,3.238527327676355
2024-08-30,3.417739457187742,4.097125711887937,2.3048698575432542,0.3304469376184891,3.196839591189478,4.120551843390446,3.856377799024581,5.022452352021346
2024-08-31,3.2861152419184254,-0.12357782611114065,5.6101246103586115,5.442896145590782,6.036027045397632,2.89191612515892,3.255214216291462,7.135789190792387
2024-09-01,-4.702057596258419,-4.432229320045096,6.123379443664306,-1.215211883574332,3.1858585760899425,2.638502494001026,3.0946871166652516,4.514048456113335
2024-09-02,5.4931942093552655,-4.3660720947842675,1.8298311780879584,2.125892222631012,6.1643147744684885,2,6.074637522096436,3.6518252137026423
2024-09-03,2.300547000579718,1.881304992235069,2.3047650699753564,5.249883825075888,6.480056745769664,2.764130810041137,4.148782234262296,6.114812687348263
2024-09-04,-0.9204220203109827,7.733689080152672,1.743366331694026,-6.252234257729119,4.958669137126723,4.843754038746995,4.606817998493839,3
2024-09-05,1.1835677752641867,1.803477261397017,-0.070911726016280055,-2.1072309146572876,3.9577284182235077,4.724076063592518,4.432119072968718,9.376691419864027
2024-09-06,-3.925159200168312,4.29893449693152,-10.208637134304867,5.535212910156253,3.1261777505037838,4.53944755140509,3.446321236788315,3
2024-09-07,-4.379957390993693,3.3488101780562705,2.114911790155239,-0.7469595362752623,2.1804737915206744,4.801694549792251,4.745748432460649,9.267492073272921
2024-09-08,-1.02153581964296,-1.2018090750523893,-1.4116437981474046,-11.636276317095838,3.036301992028385,2.3284563780126124,3.5341917010029538,4.142793854138345
2024-09-09,-4.838063725218518,3.5561881261884394,2.7240088621858023,-3.3422663375175157,3.562962428916749,5.682566468304552,4.959555600127923,3.2493126258935505
2024-09-10,-0.7430767250058042,1.6884818191733415,-2.251292018515874,4.938714883774503,3.615976608964796,5.059014646744876,3.7112074566365267,6.381101311504143
2024-09-11,2.51277873866794,1.1878204978149518,-5.335709488639482,-1.3583682463114513,5.2428279621062215,4.397771750739778,2.206574126654326,4.659119039774209
2024-09-12,-4.545793128459598,3.512848739995844,3.2452369931565492,-1.3283991496650795,3.965924270596772,4.01624040659151,5.264511501776441,9.265754109747146
2024-09-13,-3.7199360664867482,2.6964599880605684,-0.0017636471940503107,-0.109613376121807,3.666752662088763,4.907275337976152,3.9139188495397774,9.38497724173125
2024-09-14,-1.4219547644171922,-1.4779005443750504,9.887736757751163,4.145273611874621,3.377048784273196,2.6919471582549406,5.40985074882783,7.22953304400426
2024-09-15,-4.668041755767088,1.5383554445454366,2.0994601267160324,-1.9745205064575968,2,2.963939996274954,3.188887429269207,4.082061305808781
2024-09-16,-2.8152702392075692,-2.369804025056406,2.4522193893590583,2.798019242656578,3.6038932834990267,2,5.3181500018171715,5.768992308436192
2024-09-17,0.9061396274257771,2.1563391733192687,1.555358753848517,3.2256100807778516,3.216473333717193,4.144029566634847,3.626491126010568,3.9765316643902953
2024-09-18,1.1532707421644695,-1.0738661579540925,-2.5859127386785885,-4.78850326326059,4.951072536226572,2,3.207286174323229,3
2024-09-19,-0.6435786286785041,1.5442238608757455,-1.9234810598881322,-0.05325945188156489,4.708553682392509,3.818850650813408,3.3921254229911706,4.369957076834825
2024-09-20,-7.386044788768357,1.2585674859869032,2.3340481653988068,-2.4807477574797114,2.8656471896093496,4.2343196959042055,4.092851195105531,7.625727121212513
2024-09-21,-2.0261212932665815,-0.6866159615414713,2.289878096962421,2.254609777068715,2.613380731777654,4.240681504733023,4.697928263111948,4.416263314107431
2024-09-22,1.3009508750933962,1.494283149210935,0.8466617794329565,-7.4080942405530354,3.5803155598440974,4.856226774798624,4.79682306774415,4.274196996014617
2024-09-23,0.5205029210258436,1.79724333493935,-3.885527648560174,7.796996899826146,3.683508788965261,4.502914863102959,3.6204160622036934,8.905199043281202
2024-09-24,-2.513713155521215,-0.6382583925799047,4.10770701312427,6.803510776469517,3.6984831274504804,2.6000259454900783,2.982662436537744,6.99795101150319
2024-09-25,-10.059696246741149,3.553479605611483,-5.06377105634376,-4.164162413820176,4.356503043285331,5.087068756781675,2,5.331935306939384
2024-09-26,-1.792106013981356,4.201019350680051,-2.276731815352656,-3.318128552019176,2.778932229572064,4.373402422686503,2.9945262572395395,3.113266411686984
2024-09-27,-0.26530149456966856,-1.973650638564123,5.98749860971002,-4.525632974506115,2,2,4.5947799397044555,4.458008618171976
2024-09-28,-1.8571446290729905,-2.327116707735973,0.5773574558923444,-0.6758974192988312,3.565830703560776,3.0496428393134476,3.699677013603558,3
2024-09-29,-1.5267622833292291,1.5415324915242232,1.913117004023655,-2.503939696277321,2.9149044200122725,2.0593250473368556,2.6849769856736145,3.0488191861156038
2024-09-30,-0.7051927582279696,-2.7398348512219073,0.13102205435975134,0.5633311380391474,2,2.0367522609991573,3.092877976435201,3
2024-10-01,-3.1868712319093264,-1.3457249375297018,-3.985253711405269,-9.37261534516973,2.5385656564691574,2.7159088367875346,2,3
2024-10-02,1.9389345423784459,2.4170479736743373,-2.7841988627806527,0.803983403696321,4.093026309316162,3.4096484576267727,5.911545037849758,5.794971205164713
2024-10-03,-0.5700448542449417,-1.7032201856545182,-0.4870353634707498,0.10128203898655726,2.8486271970656682,4.199407918854598,4.212909283872918,4.8037213324556305
2024-10-04,-5.695910489021669,-5.754950207734689,-9.756006239922412,-7.962891902922996,3.612740438474494,2.494917366692013,2.071427855951617,3
2024-10-05,2.1936984153904486,2.038063543847475,-3.4988516373546177,1.4410805036420964,5.426618773911368,2.9928671320963107,2,3.2874728729826703
2024-10-06,1.6827619283020487,-4.74401764721623,1.4593565608368664,0.36149459594526007,4.089138113991286,2.1041395230541564,3.73313290667665,3
2024-10-07,0.5655553780304539,-3.978245075958804,-1.8098122674929127,-1.0361999147552754,2.7026887769146093,2.2973624932217334,4.2600055424387735,5.638935819331152
2024-10-08,-6.86707814760502,-8.943055484214572,-1.7400915767969964,0.08493112067024833,3.2504901811163873,2.188221041759335,4.229718331081755,5.550570224478986
2024-10-09,-3.5561123395442786,2.6328696003563388,1.7477140536124427,2.1145043442018387,2.482092600742864,4.574174587587758,4.503433323241083,3
2024-10-10,0.09285565084346992,0.924079282269016,-2.4622778383699466,1.9665113337248434,3.2571824330280994,3.313307296817789,4.737792867358198,3
2024-10-11,-1.6445116205257386,1.5925092248362862,1.0920385331451072,-1.8776608569672728,3.879049370809785,3.512204243327837,2.1258931652313624,4.5268183680734495
2024-10-12,-0.6901431870839598,2.7780449131074847,-5.023335130398399,6.083165074058665,2.9499897817873357,4.578114186995985,2,5.106260322440852
2024-10-13,5.689575184542197,0.158980420138687,-4.397642906899477,0.2058322079742947,4.942955178724736,2.7303343303165595,2.976847574823771,3
2024-10-14,-4.095908035417094,-2.9874308574666593,-5.69301968759987,-0.22996593645542696,2.455024450696457,2.8860557247427656,2.923289125579954,7.029336314468645
2024-10-15,-7.928479596645669,2.068187642789217,-0.36994386746876884,5.236991163399788,2.8304062845966937,3.7926565441969644,3.1539388401710076,5.749922856580843
2024-10-16,-0.7124715891763642,4.337666644863704,-1.1908046145065092,5.543260050265806,3.075239780969716,3.568933056926849,4.74351974571411,5.894934925318467
2024-10-17,-3.5376084428331054,-4.019245905894936,3.807031828335214,-2.8468711737230903,2.4970112756564373,2.2055801357441984,2.359716508227752,5.732540162404202
2024-10-18,-0.07455503665624663,-1.2825893846037983,-0.5869679894027832,-4.221141103600274,3.0907962528058177,3.0389544186049076,2.634861498976239,5.107437499883711
2024-10-19,-3.784310820497505,-0.2782954586683021,3.659703171592766,-2.7120360747012384,3.30110528319656,2.640941385022565,5.9809780869505556,3.868550822677986
2024-10-20,5.357893745702665,-3.207466667331658,5.497259190407654,-4.976720335769514,6.3844034956789315,2.912709240353746,5.58437049102162,3
2024-10-21,-1.5771646606073921,2.810108029271919,-1.7450242181766016,-7.9135431910454805,2.8549088191757237,2.789699656104327,2,6.000463001409875
2024-10-22,-2.5625067210405152,-1.000504228062519,0.9623587054626737,2.639912355504008,3.7593279588794486,3.7715225222853825,4.738258177742395,3
2024-10-23,-1.5504399270594396,4.6400357670319305,-2.665363942440922,0.4598788795033256,3.093164243748885,3.9180563256622283,3.6584935983997804,7.825192948211225
2024-10-24,1.6181542926552885,1.105116170843418,2.158563233574597,4.50082894568228,3.3121457550771014,4.564942581767027,2.788839961091049,4.674569189427171
2024-10-25,-0.5921442980231779,3.2071256121865597,-3.2164329346805847,1.386495996453937,5.03741273781254,4.561734775914045,3.558053233063062,9.375515448472509
2024-10-26,-5.672420653460785,5.787354638457145,-2.975361194905555,3.551351765603107,2.332682153910289,4.076800910489878,4.132791842596863,5.184866824135102
2024-10-27,-0.7176384609939591,1.985079449736534,1.0545852736815904,-0.8600109334439696,5.541293642311398,3.5731511715102546,2.9354387146296155,3.7379940775323255
2024-10-28,1.6719163836658013,4.505436168244801,0.5476913484845234,-3.061552443656282,3.7247252409838705,4.973022986345171,4.3633270517020435,4.547149068817001
2024-10-29,-0.39372772311323223,1.9972850384510608,1.1530607735469904,5.752285545688514,4.644067817896461,4.658276211226494,2.7116831499357676,8.604451991565693
2024-10-30,1.7957401680881575,-3.0770404794926716,0.6659848363481943,5.793757760695252,5.54786084350743,3.507685923154985,4.393657731907373,3
2024-10-31,-0.7445853803062455,1.6208032387070421,-1.0323349976043068,-6.550020293553214,6.055664657744961,4.184929364696336,2.5897938918386973,3.2528691231424007
2024-11-01,-0.37146710447418074,3.806420611323505,0.2614054996408967,6.639216886220873,3.160675508001867,2.459507774625579,3.418839706689469,6.710986902753303
2024-11-02,1.3596875306998573,3.2215685915475487,5.613673771088186,-6.47613327918565,4.423933431123467,4.257381413732019,3.6702387525743543,4.177009907392575
2024-11-03,3.0047833939375086,1.3354580723413043,0.8034377400057012,2.30400398295711,5.621540839156333,2.388197585850091,4.585157903736909,5.61321589058468
2024-11-04,-3.596905133725101,-1.6893405523317613,-2.991710283174438,0.7034904305430847,2.8269146500764064,3.350905969807421,3.092546164411239,4.461245484134187
2024-11-05,0.16106871737483708,4.012265457047414,-1.4606101308248034,2.186632782784494,4.695976261518442,3.616120124491106,3.9979718387696863,3.0805297429328906
2024-11-06,0.1707803981538885,-0.5643400549651156,-2.1204165873947645,8.460772336812937,3.6724680968931107,3.3670892213042225,4.0036730718235285,12
2024-11-07,-1.7681098422741797,-1.4558725516012512,-1.4006726533470473,-3.140274154451183,2.5711949312725397,2.135818709668593,3.505160697620841,3
2024-11-08,-2.46662829566677,4.2015287934379675,-2.366506121245974,1.9681437607888825,2,4.145858025491805,3.252899788410283,7.291428401256614
2024-11-09,-1.125173784519717,-1.1619950912927992,-6.341109803172034,16.225290046942206,4.351344447034432,4.886995598972421,3.0628609041289194,5.543698357168061
2024-11-10,2.660753458296234,3.3917293514542255,3.6658333543075323,-3.7661186569310425,4.2730856926817244,5.993056555849725,4.96701224707552,3
2024-11-11,-0.2126330209096159,2.7916235913686784,3.763431563030223,0.6624808433980593,5.742176892362924,2,4.377961069461816,5.402348817050046
2024-11-12,-1.1796677040837906,-1.0742163106805385,1.158611441222827,3.76348454383326,2.7091244368533314,2,4.367072175288511,9.848561055329665
2024-11-13,1.8065204989073442,6.57900481424329,-0.13147637211649243,5.145105524723508,3.950905164058174,3.3072135650091,4.527972456533852,7.125018096759014
2024-11-14,-2.2500221727093495,1.393362157453688,-0.26476774208776543,1.6586226631364926,4.412797666783403,2.5403732835760118,4.384291201892357,3
2024-11-15,4.744121404090248,6.905893351441898,3.5021614104871213,3.17796350580524,4.782270197613694,6.864621711872601,5.659720831068441,4.213653304997844
2024-11-16,0.3015805446598614,2.017318521703253,3.122110282177788,10.114947562238328,4.61806828371569,4.941868884702884,2.3937009445187662,5.214980809405887
2024-11-17,2.474063009046649,1.8559489043851487,3.846050932097229,3.979618319380595,5.9293979398997525,3.7883586436702568,4.75390756027675,3.377281580837794
2024-11-18,2.213403575817572,3.628341125509434,2.7365330305072284,6.333257323256981,6.699844926761209,5.190995895488232,4.373589406852725,8.124826305452654
2024-11-19,2.2157232609208917,2.7909038406798334,4.722026573904756,7.118267760249737,4.574893313436483,6.323641017260951,3.7927023822389474,11.159778000949915
2024-11-20,7.802958516646466,2.9404414572648534,4.3036465236658294,7.50368678359617,4.834000653440468,4.725665613419648,3.734517935692878,3.3629026502738664
2024-11-21,0.05945514737974911,1.5244926168492725,4.832422877712119,8.131823869615888,2.995618687668372,5.615253134808957,5.10233692594326,8.021364185250183
2024-11-22,6.134688915302439,0.6680630531997211,4.794638270749635,6.1460098435346415,4.782610595208809,2.541693865809192,4.216164598999155,3.9047176911743167
2024-11-23,2.9579993191305602,6.297866299492697,8.443663666268932,2.535729314778986,4.2495891022411785,3.599334949689764,4.93677328237429,7.609510180441644
2024-11-24,0.5247793026342249,2.1925869676207532,0.4460931553946761,5.996642135975241,2.9648946558215914,5.025086905883272,4.333449115908966,6.453290685460633
2024-11-25,2.993287977457041,0.6369098910710118,8.29125474113771,1.6823645444456945,5.281146232819987,4.575473302432373,6.314121810842263,4.708643674008965
2024-11-26,5.611091303025957,3.399667857665536,2.9205855851909557,7.180436785515067,6.645401135681427,5.039383214220083,6.317191225906275,7.634418529328842
2024-11-27,2.2673817383565975,2.6791366528666956,3.8870008816233863,5.190416759629972,4.090827212776231,4.528412711432534,5.185885467809331,10.295330660143978
2024-11-28,1.4027660060330267,-1.3359287380312566,4.4856729351191555,6.557093698789003,3.3160499206241707,2.8658915454342244,6.520630597128125,8.93196918079303
2024-11-29,4.354240994018434,4.5318081698238295,3.0599752310103314,1.8744810563438454,3.689232613649473,5.317895226462776,5.5458862663458595,4.914744507918401
2024-11-30,7.040483933616668,6.069991311721801,-3.0929519025576493,6.177984685489182,6.285502815890625,6.486335125713479,3.5531622078523237,7.553844838935395
2024-12-01,4.034818914594019,6.618004828183391,3.7951301533692856,2.3703190340351252,4.92898746257514,5.975330695412001,4.654344983521544,3.204439185698951
2024-12-02,0.2763170884865591,7.079170816330814,5.02509647618953,6.0184182159579205,2.219960106538281,3.435160953741542,6.542005143099097,6.876178212415902
2024-12-03,0.701220185988984,3.0669461018530377,-0.1437069431573761,10.911096171882658,4.0884086794720975,4.585486302197066,2.7122182814937306,8.772696820006903
2024-12-04,2.5015069141610042,5.26228712247495,6.889287461040392,9.710466020621004,4.5825842475091845,4.508996407809287,4.995061186422199,7.564621859347681
2024-12-05,3.4123523925288226,3.385823954977986,3.6190492934845477,13.233908247062079,3.9257236080734246,4.253953516136355,4.562465605012367,6.055475056058912
2024-12-06,5.117862934403441,4.677337672632991,9.926857536843933,11.417520796587773,3.8987770831828197,4.211474474812613,3.1112375630162616,6.847933677208105
2024-12-07,7.383533338065556,3.1281804673582903,6.552306874113095,9.775005732333582,5.132887223727515,2.855901362141634,4.521091732443134,5.494490455624314
2024-12-08,4.259454369594702,3.5836386262445235,3.5666816048551797,14.445698592321,4.241324102100353,4.532904270921388,4.707706731055216,8.341113314323078
2024-12-09,2.4142471839449944,8.999206143787713,6.6127593180744935,15.653442211121526,3.8899371593409655,6.505158268535057,2.0542782384681537,7.041235184233356
2024-12-10,7.771043189506138,6.469683393928875,7.059997429068533,2.9402186704697346,3.362511949036233,6.34542087291269,5.327749462326026,5.044333041755491
2024-12-11,6.971134965910392,6.68951021624797,9.202175823734908,14.641693757848383,5.351761959423347,5.227422874838213,5.041566137644568,6.2236936289389115
2024-12-12,9.812986512368738,12.834541068455296,6.175249381116215,14.315976481859689,7.033995038493023,5.09119033224616,5.250962523564987,9.56760778972002
2024-12-13,1.4907682269979148,7.651516742091177,0.7265661129720327,15.382336088525605,5.5308368090312,4.3335508103690374,4.591985733493389,8.290177394332328
2024-12-14,6.99845937627536,6.3972689132980864,3.1094627978891163,6.376614075482909,7.58106453646437,4.08469599832651,5.706642706888233,4.169714730915297
2024-12-15,10.995846140433748,10.43297384221915,4.619361773934825,23.214354795638243,6.593760518491331,6.008770519735469,2.856156016343302,9.455617319229013
2024-12-16,9.308448209978707,6.912826067765351,8.653395457543123,-1.5513423616296649,4.929581698890184,4.55097602784908,5.274717523050058,3.626435713544795
2024-12-17,4.839283366657364,12.677586701392682,6.704354567699905,11.70549249250797,5.565183993914697,8.704136930171238,4.26597506655711,7.19377015735612
2024-12-18,9.736331461881813,7.610833419506525,5.900744875535603,12.513965846612392,7.169392191838906,4.64112588157402,4.791277915980398,10.85743653107858
2024-12-19,5.125498871889436,7.081048349369134,5.394833695251869,11.428112720300895,7.008185033686509,4.964398005001192,4.545320956414935,4.857927819468225
2024-12-20,6.584289736132888,5.611400260779687,8.57686028566036,16.169969276593672,6.232823071602204,4.35121320232135,4.043970647277922,8.1898985560981
2024-12-21,11.710896987915861,10.288524048466167,5.748306145358345,13.305541724529933,7.893710168178626,4.737472665248975,2.9282310015032853,4.413032638239507
2024-12-22,7.482218799270581,13.889465389074577,7.2961702879254275,9.050544682237769,6.045330276911769,6.860485553188458,7.120670959762336,7.765808254144165
2024-12-23,11.043141896104077,8.60968287084038,5.8577798272642605,20.247045853970807,5.060691713824979,4.55739712087511,3.429408695319441,5.5632608294876364
2024-12-24,7.889096504293268,10.650284253710502,4.701120103819957,11.98391549713918,4.828430617908283,5.445984472544033,4.83058229875501,3.6313293760717045
2024-12-25,4.239335200906921,11.054373779415279,11.91994098047828,16.763921243965175,6.826493931823567,5.232753953718092,4.684017129625634,8.965817227356597
2024-12-26,6.627923787525386,14.509753026103102,5.290686895077329,10.63541319864888,6.134626907421485,3.293457296523749,6.164354078085072,5.303482321829942
2024-12-27,6.115004407449366,12.423813462542723,9.65127109902307,8.926290600298692,4.657376217356125,6.406249416856237,3.636727207152386,3
2024-12-28,8.13406894717553,7.400396805063864,7.916804726444685,11.454482329847238,5.0344494283216354,5.030191192081883,4.218142882811744,4.295493049453102
2024-12-29,8.78450609910126,8.719947758285592,6.6353010759343185,9.457592553391851,4.95315811050113,4.250911752746804,3.6680316106644715,8.754372135469179
2024-12-30,9.539926328015076,8.761608629196324,10.777940615251213,17.665532363374812,6.1776446859256495,6.474770938601467,5.647420647814835,8.357076919978475
